Question,Answer
What is Artificial Intelligence?,"""Artificial Intelligence (AI) is the simulation of human intelligence processes by machines, especially computer systems."""
What is Machine Learning?,"Machine Learning is a subset of AI that enables systems to learn and improve from experience without being explicitly programmed."""""
Explain Data Science.,"""Data Science is an interdisciplinary field that uses scientific methods, algorithms, and systems to extract insights from structured and unstructured data."""
What is Python?,"""Python is a high-level, interpreted programming language known for its simplicity and readability, widely used in data science and AI."""
What is Deep Learning?,"Deep Learning is a subset of machine learning that uses neural networks with many layers to model complex patterns in data."""""
What is Natural Language Processing?,"Natural Language Processing (NLP) is a field of AI that focuses on the interaction between computers and human language."""""
What is Supervised Learning?,"Supervised learning is a type of machine learning where the model is trained on labeled data to make predictions."""""
What is Unsupervised Learning?,"Unsupervised learning is a type of machine learning that finds hidden patterns in data without labeled outputs."""""
What is Reinforcement Learning?,"Reinforcement learning is a type of machine learning where an agent learns to make decisions by receiving rewards or penalties."""""
What is Big Data?,"""Big Data refers to extremely large datasets that can be analyzed computationally to reveal patterns, trends, and associations."""
What is the primary objective of Artificial Intelligence?,"""The main objective of AI is to build efficient, scalable solutions that maximize accurate prediction and operational decision-making in simulation of human intelligence."""
Why is Artificial Intelligence important in modern technology?,"""AI is critical because it enables organizations to automate complex tasks, extract value from complex datasets, and streamline computational workflows."""
What is a common use case for Artificial Intelligence?,"""A common use case for AI includes building predictive analytics, automating repetitive quantitative tasks, and generating actionable business intelligence."""
What core challenge exists within Artificial Intelligence?,"""A major challenge in AI is dealing with data quality issues, computational scale, model interpretability, and preventing algorithmic bias."""
Which key metrics evaluate Artificial Intelligence performance?,"""Key evaluation metrics in AI include accuracy, precision, recall, F1-score, mean squared error, and cross-validation performance."""
What tools are commonly used in Artificial Intelligence?,"""Popular tools used in AI include specialized Python frameworks, cloud infrastructure services, and robust data management ecosystems."""
How does Artificial Intelligence differ from traditional software engineering?,"""AI relies on data-driven probabilistic models and dynamic adaptation, whereas traditional software engineering relies on explicit deterministic logic."""
What is a best practice when working with Artificial Intelligence?,"""A key best practice in AI is ensuring proper data cleaning, robust validation techniques, modular code structure, and continuous monitoring."""
How does scalability impact Artificial Intelligence implementation?,"Scalability in AI determines how well system performance holds up when scaling compute resources or processing larger input volumes."""""
What role does hyperparameter tuning play in Artificial Intelligence?,"""Hyperparameter tuning optimizes model configuration to prevent overfitting or underfitting, improving overall generalized performance in AI."""
What is the primary objective of Machine Learning?,"""The main objective of ML is to build efficient, scalable solutions that maximize accurate prediction and operational decision-making in learning patterns from data without explicit rules."""
Why is Machine Learning important in modern technology?,"""ML is critical because it enables organizations to automate complex tasks, extract value from complex datasets, and streamline computational workflows."""
What is a common use case for Machine Learning?,"""A common use case for ML includes building predictive analytics, automating repetitive quantitative tasks, and generating actionable business intelligence."""
What core challenge exists within Machine Learning?,"""A major challenge in ML is dealing with data quality issues, computational scale, model interpretability, and preventing algorithmic bias."""
Which key metrics evaluate Machine Learning performance?,"""Key evaluation metrics in ML include accuracy, precision, recall, F1-score, mean squared error, and cross-validation performance."""
What tools are commonly used in Machine Learning?,"""Popular tools used in ML include specialized Python frameworks, cloud infrastructure services, and robust data management ecosystems."""
How does Machine Learning differ from traditional software engineering?,"""ML relies on data-driven probabilistic models and dynamic adaptation, whereas traditional software engineering relies on explicit deterministic logic."""
What is a best practice when working with Machine Learning?,"""A key best practice in ML is ensuring proper data cleaning, robust validation techniques, modular code structure, and continuous monitoring."""
How does scalability impact Machine Learning implementation?,"Scalability in ML determines how well system performance holds up when scaling compute resources or processing larger input volumes."""""
What role does hyperparameter tuning play in Machine Learning?,"""Hyperparameter tuning optimizes model configuration to prevent overfitting or underfitting, improving overall generalized performance in ML."""
What is the primary objective of Deep Learning?,"""The main objective of DL is to build efficient, scalable solutions that maximize accurate prediction and operational decision-making in multi-layer neural networks for representation learning."""
Why is Deep Learning important in modern technology?,"""DL is critical because it enables organizations to automate complex tasks, extract value from complex datasets, and streamline computational workflows."""
What is a common use case for Deep Learning?,"""A common use case for DL includes building predictive analytics, automating repetitive quantitative tasks, and generating actionable business intelligence."""
What core challenge exists within Deep Learning?,"""A major challenge in DL is dealing with data quality issues, computational scale, model interpretability, and preventing algorithmic bias."""
Which key metrics evaluate Deep Learning performance?,"""Key evaluation metrics in DL include accuracy, precision, recall, F1-score, mean squared error, and cross-validation performance."""
What tools are commonly used in Deep Learning?,"""Popular tools used in DL include specialized Python frameworks, cloud infrastructure services, and robust data management ecosystems."""
How does Deep Learning differ from traditional software engineering?,"""DL relies on data-driven probabilistic models and dynamic adaptation, whereas traditional software engineering relies on explicit deterministic logic."""
What is a best practice when working with Deep Learning?,"""A key best practice in DL is ensuring proper data cleaning, robust validation techniques, modular code structure, and continuous monitoring."""
How does scalability impact Deep Learning implementation?,"Scalability in DL determines how well system performance holds up when scaling compute resources or processing larger input volumes."""""
What role does hyperparameter tuning play in Deep Learning?,"""Hyperparameter tuning optimizes model configuration to prevent overfitting or underfitting, improving overall generalized performance in DL."""
What is the primary objective of Data Science?,"""The main objective of DS is to build efficient, scalable solutions that maximize accurate prediction and operational decision-making in extracting insights from structured and unstructured data."""
Why is Data Science important in modern technology?,"""DS is critical because it enables organizations to automate complex tasks, extract value from complex datasets, and streamline computational workflows."""
What is a common use case for Data Science?,"""A common use case for DS includes building predictive analytics, automating repetitive quantitative tasks, and generating actionable business intelligence."""
What core challenge exists within Data Science?,"""A major challenge in DS is dealing with data quality issues, computational scale, model interpretability, and preventing algorithmic bias."""
Which key metrics evaluate Data Science performance?,"""Key evaluation metrics in DS include accuracy, precision, recall, F1-score, mean squared error, and cross-validation performance."""
What tools are commonly used in Data Science?,"""Popular tools used in DS include specialized Python frameworks, cloud infrastructure services, and robust data management ecosystems."""
How does Data Science differ from traditional software engineering?,"""DS relies on data-driven probabilistic models and dynamic adaptation, whereas traditional software engineering relies on explicit deterministic logic."""
What is a best practice when working with Data Science?,"""A key best practice in DS is ensuring proper data cleaning, robust validation techniques, modular code structure, and continuous monitoring."""
How does scalability impact Data Science implementation?,"Scalability in DS determines how well system performance holds up when scaling compute resources or processing larger input volumes."""""
What role does hyperparameter tuning play in Data Science?,"""Hyperparameter tuning optimizes model configuration to prevent overfitting or underfitting, improving overall generalized performance in DS."""
What is the primary objective of Natural Language Processing?,"""The main objective of NLP is to build efficient, scalable solutions that maximize accurate prediction and operational decision-making in computational processing of human textual language."""
Why is Natural Language Processing important in modern technology?,"""NLP is critical because it enables organizations to automate complex tasks, extract value from complex datasets, and streamline computational workflows."""
What is a common use case for Natural Language Processing?,"""A common use case for NLP includes building predictive analytics, automating repetitive quantitative tasks, and generating actionable business intelligence."""
What core challenge exists within Natural Language Processing?,"""A major challenge in NLP is dealing with data quality issues, computational scale, model interpretability, and preventing algorithmic bias."""
Which key metrics evaluate Natural Language Processing performance?,"""Key evaluation metrics in NLP include accuracy, precision, recall, F1-score, mean squared error, and cross-validation performance."""
What tools are commonly used in Natural Language Processing?,"""Popular tools used in NLP include specialized Python frameworks, cloud infrastructure services, and robust data management ecosystems."""
How does Natural Language Processing differ from traditional software engineering?,"""NLP relies on data-driven probabilistic models and dynamic adaptation, whereas traditional software engineering relies on explicit deterministic logic."""
What is a best practice when working with Natural Language Processing?,"""A key best practice in NLP is ensuring proper data cleaning, robust validation techniques, modular code structure, and continuous monitoring."""
How does scalability impact Natural Language Processing implementation?,"Scalability in NLP determines how well system performance holds up when scaling compute resources or processing larger input volumes."""""
What role does hyperparameter tuning play in Natural Language Processing?,"""Hyperparameter tuning optimizes model configuration to prevent overfitting or underfitting, improving overall generalized performance in NLP."""
What is the primary objective of Computer Vision?,"""The main objective of CV is to build efficient, scalable solutions that maximize accurate prediction and operational decision-making in analyzing visual input like images and video."""
Why is Computer Vision important in modern technology?,"""CV is critical because it enables organizations to automate complex tasks, extract value from complex datasets, and streamline computational workflows."""
What is a common use case for Computer Vision?,"""A common use case for CV includes building predictive analytics, automating repetitive quantitative tasks, and generating actionable business intelligence."""
What core challenge exists within Computer Vision?,"""A major challenge in CV is dealing with data quality issues, computational scale, model interpretability, and preventing algorithmic bias."""
Which key metrics evaluate Computer Vision performance?,"""Key evaluation metrics in CV include accuracy, precision, recall, F1-score, mean squared error, and cross-validation performance."""
What tools are commonly used in Computer Vision?,"""Popular tools used in CV include specialized Python frameworks, cloud infrastructure services, and robust data management ecosystems."""
How does Computer Vision differ from traditional software engineering?,"""CV relies on data-driven probabilistic models and dynamic adaptation, whereas traditional software engineering relies on explicit deterministic logic."""
What is a best practice when working with Computer Vision?,"""A key best practice in CV is ensuring proper data cleaning, robust validation techniques, modular code structure, and continuous monitoring."""
How does scalability impact Computer Vision implementation?,"Scalability in CV determines how well system performance holds up when scaling compute resources or processing larger input volumes."""""
What role does hyperparameter tuning play in Computer Vision?,"""Hyperparameter tuning optimizes model configuration to prevent overfitting or underfitting, improving overall generalized performance in CV."""
What is the primary objective of Reinforcement Learning?,"""The main objective of RL is to build efficient, scalable solutions that maximize accurate prediction and operational decision-making in agent learning through rewards and penalties."""
Why is Reinforcement Learning important in modern technology?,"""RL is critical because it enables organizations to automate complex tasks, extract value from complex datasets, and streamline computational workflows."""
What is a common use case for Reinforcement Learning?,"""A common use case for RL includes building predictive analytics, automating repetitive quantitative tasks, and generating actionable business intelligence."""
What core challenge exists within Reinforcement Learning?,"""A major challenge in RL is dealing with data quality issues, computational scale, model interpretability, and preventing algorithmic bias."""
Which key metrics evaluate Reinforcement Learning performance?,"""Key evaluation metrics in RL include accuracy, precision, recall, F1-score, mean squared error, and cross-validation performance."""
What tools are commonly used in Reinforcement Learning?,"""Popular tools used in RL include specialized Python frameworks, cloud infrastructure services, and robust data management ecosystems."""
How does Reinforcement Learning differ from traditional software engineering?,"""RL relies on data-driven probabilistic models and dynamic adaptation, whereas traditional software engineering relies on explicit deterministic logic."""
What is a best practice when working with Reinforcement Learning?,"""A key best practice in RL is ensuring proper data cleaning, robust validation techniques, modular code structure, and continuous monitoring."""
How does scalability impact Reinforcement Learning implementation?,"Scalability in RL determines how well system performance holds up when scaling compute resources or processing larger input volumes."""""
What role does hyperparameter tuning play in Reinforcement Learning?,"""Hyperparameter tuning optimizes model configuration to prevent overfitting or underfitting, improving overall generalized performance in RL."""
What is the primary objective of Generative AI?,"""The main objective of GenAI is to build efficient, scalable solutions that maximize accurate prediction and operational decision-making in creating novel content using deep neural models."""
Why is Generative AI important in modern technology?,"""GenAI is critical because it enables organizations to automate complex tasks, extract value from complex datasets, and streamline computational workflows."""
What is a common use case for Generative AI?,"""A common use case for GenAI includes building predictive analytics, automating repetitive quantitative tasks, and generating actionable business intelligence."""
What core challenge exists within Generative AI?,"""A major challenge in GenAI is dealing with data quality issues, computational scale, model interpretability, and preventing algorithmic bias."""
Which key metrics evaluate Generative AI performance?,"""Key evaluation metrics in GenAI include accuracy, precision, recall, F1-score, mean squared error, and cross-validation performance."""
What tools are commonly used in Generative AI?,"""Popular tools used in GenAI include specialized Python frameworks, cloud infrastructure services, and robust data management ecosystems."""
How does Generative AI differ from traditional software engineering?,"""GenAI relies on data-driven probabilistic models and dynamic adaptation, whereas traditional software engineering relies on explicit deterministic logic."""
What is a best practice when working with Generative AI?,"""A key best practice in GenAI is ensuring proper data cleaning, robust validation techniques, modular code structure, and continuous monitoring."""
How does scalability impact Generative AI implementation?,"Scalability in GenAI determines how well system performance holds up when scaling compute resources or processing larger input volumes."""""
What role does hyperparameter tuning play in Generative AI?,"""Hyperparameter tuning optimizes model configuration to prevent overfitting or underfitting, improving overall generalized performance in GenAI."""
What is the primary objective of Big Data?,"""The main objective of Big Data is to build efficient, scalable solutions that maximize accurate prediction and operational decision-making in processing high-volume, high-velocity dataset ecosystems."""
Why is Big Data important in modern technology?,"""Big Data is critical because it enables organizations to automate complex tasks, extract value from complex datasets, and streamline computational workflows."""
What is a common use case for Big Data?,"""A common use case for Big Data includes building predictive analytics, automating repetitive quantitative tasks, and generating actionable business intelligence."""
What core challenge exists within Big Data?,"""A major challenge in Big Data is dealing with data quality issues, computational scale, model interpretability, and preventing algorithmic bias."""
Which key metrics evaluate Big Data performance?,"""Key evaluation metrics in Big Data include accuracy, precision, recall, F1-score, mean squared error, and cross-validation performance."""
What tools are commonly used in Big Data?,"""Popular tools used in Big Data include specialized Python frameworks, cloud infrastructure services, and robust data management ecosystems."""
How does Big Data differ from traditional software engineering?,"""Big Data relies on data-driven probabilistic models and dynamic adaptation, whereas traditional software engineering relies on explicit deterministic logic."""
What is a best practice when working with Big Data?,"""A key best practice in Big Data is ensuring proper data cleaning, robust validation techniques, modular code structure, and continuous monitoring."""
How does scalability impact Big Data implementation?,"Scalability in Big Data determines how well system performance holds up when scaling compute resources or processing larger input volumes."""""
What role does hyperparameter tuning play in Big Data?,"""Hyperparameter tuning optimizes model configuration to prevent overfitting or underfitting, improving overall generalized performance in Big Data."""
What is the primary objective of Data Engineering?,"""The main objective of DE is to build efficient, scalable solutions that maximize accurate prediction and operational decision-making in building pipelines and infrastructure for data ingestion."""
Why is Data Engineering important in modern technology?,"""DE is critical because it enables organizations to automate complex tasks, extract value from complex datasets, and streamline computational workflows."""
What is a common use case for Data Engineering?,"""A common use case for DE includes building predictive analytics, automating repetitive quantitative tasks, and generating actionable business intelligence."""
What core challenge exists within Data Engineering?,"""A major challenge in DE is dealing with data quality issues, computational scale, model interpretability, and preventing algorithmic bias."""
Which key metrics evaluate Data Engineering performance?,"""Key evaluation metrics in DE include accuracy, precision, recall, F1-score, mean squared error, and cross-validation performance."""
What tools are commonly used in Data Engineering?,"""Popular tools used in DE include specialized Python frameworks, cloud infrastructure services, and robust data management ecosystems."""
How does Data Engineering differ from traditional software engineering?,"""DE relies on data-driven probabilistic models and dynamic adaptation, whereas traditional software engineering relies on explicit deterministic logic."""
What is a best practice when working with Data Engineering?,"""A key best practice in DE is ensuring proper data cleaning, robust validation techniques, modular code structure, and continuous monitoring."""
How does scalability impact Data Engineering implementation?,"Scalability in DE determines how well system performance holds up when scaling compute resources or processing larger input volumes."""""
What role does hyperparameter tuning play in Data Engineering?,"""Hyperparameter tuning optimizes model configuration to prevent overfitting or underfitting, improving overall generalized performance in DE."""
What is the primary objective of MLOps?,"""The main objective of MLOps is to build efficient, scalable solutions that maximize accurate prediction and operational decision-making in deploying and maintaining machine learning models in production."""
Why is MLOps important in modern technology?,"""MLOps is critical because it enables organizations to automate complex tasks, extract value from complex datasets, and streamline computational workflows."""
What is a common use case for MLOps?,"""A common use case for MLOps includes building predictive analytics, automating repetitive quantitative tasks, and generating actionable business intelligence."""
What core challenge exists within MLOps?,"""A major challenge in MLOps is dealing with data quality issues, computational scale, model interpretability, and preventing algorithmic bias."""
Which key metrics evaluate MLOps performance?,"""Key evaluation metrics in MLOps include accuracy, precision, recall, F1-score, mean squared error, and cross-validation performance."""
What tools are commonly used in MLOps?,"""Popular tools used in MLOps include specialized Python frameworks, cloud infrastructure services, and robust data management ecosystems."""
How does MLOps differ from traditional software engineering?,"""MLOps relies on data-driven probabilistic models and dynamic adaptation, whereas traditional software engineering relies on explicit deterministic logic."""
What is a best practice when working with MLOps?,"""A key best practice in MLOps is ensuring proper data cleaning, robust validation techniques, modular code structure, and continuous monitoring."""
How does scalability impact MLOps implementation?,"Scalability in MLOps determines how well system performance holds up when scaling compute resources or processing larger input volumes."""""
What role does hyperparameter tuning play in MLOps?,"""Hyperparameter tuning optimizes model configuration to prevent overfitting or underfitting, improving overall generalized performance in MLOps."""
What is the primary objective of Statistics?,"""The main objective of Stats is to build efficient, scalable solutions that maximize accurate prediction and operational decision-making in quantitative collection, analysis, and interpretation of data."""
Why is Statistics important in modern technology?,"""Stats is critical because it enables organizations to automate complex tasks, extract value from complex datasets, and streamline computational workflows."""
What is a common use case for Statistics?,"""A common use case for Stats includes building predictive analytics, automating repetitive quantitative tasks, and generating actionable business intelligence."""
What core challenge exists within Statistics?,"""A major challenge in Stats is dealing with data quality issues, computational scale, model interpretability, and preventing algorithmic bias."""
Which key metrics evaluate Statistics performance?,"""Key evaluation metrics in Stats include accuracy, precision, recall, F1-score, mean squared error, and cross-validation performance."""
What tools are commonly used in Statistics?,"""Popular tools used in Stats include specialized Python frameworks, cloud infrastructure services, and robust data management ecosystems."""
How does Statistics differ from traditional software engineering?,"""Stats relies on data-driven probabilistic models and dynamic adaptation, whereas traditional software engineering relies on explicit deterministic logic."""
What is a best practice when working with Statistics?,"""A key best practice in Stats is ensuring proper data cleaning, robust validation techniques, modular code structure, and continuous monitoring."""
How does scalability impact Statistics implementation?,"Scalability in Stats determines how well system performance holds up when scaling compute resources or processing larger input volumes."""""
What role does hyperparameter tuning play in Statistics?,"""Hyperparameter tuning optimizes model configuration to prevent overfitting or underfitting, improving overall generalized performance in Stats."""
What is the primary objective of Python?,"""The main objective of Python is to build efficient, scalable solutions that maximize accurate prediction and operational decision-making in versatile object-oriented programming language for data work."""
Why is Python important in modern technology?,"""Python is critical because it enables organizations to automate complex tasks, extract value from complex datasets, and streamline computational workflows."""
What is a common use case for Python?,"""A common use case for Python includes building predictive analytics, automating repetitive quantitative tasks, and generating actionable business intelligence."""
What core challenge exists within Python?,"""A major challenge in Python is dealing with data quality issues, computational scale, model interpretability, and preventing algorithmic bias."""
Which key metrics evaluate Python performance?,"""Key evaluation metrics in Python include accuracy, precision, recall, F1-score, mean squared error, and cross-validation performance."""
What tools are commonly used in Python?,"""Popular tools used in Python include specialized Python frameworks, cloud infrastructure services, and robust data management ecosystems."""
How does Python differ from traditional software engineering?,"""Python relies on data-driven probabilistic models and dynamic adaptation, whereas traditional software engineering relies on explicit deterministic logic."""
What is a best practice when working with Python?,"""A key best practice in Python is ensuring proper data cleaning, robust validation techniques, modular code structure, and continuous monitoring."""
How does scalability impact Python implementation?,"Scalability in Python determines how well system performance holds up when scaling compute resources or processing larger input volumes."""""
What role does hyperparameter tuning play in Python?,"""Hyperparameter tuning optimizes model configuration to prevent overfitting or underfitting, improving overall generalized performance in Python."""
What is the primary objective of SQL?,"""The main objective of SQL is to build efficient, scalable solutions that maximize accurate prediction and operational decision-making in declarative language for querying relational databases."""
Why is SQL important in modern technology?,"""SQL is critical because it enables organizations to automate complex tasks, extract value from complex datasets, and streamline computational workflows."""
What is a common use case for SQL?,"""A common use case for SQL includes building predictive analytics, automating repetitive quantitative tasks, and generating actionable business intelligence."""
What core challenge exists within SQL?,"""A major challenge in SQL is dealing with data quality issues, computational scale, model interpretability, and preventing algorithmic bias."""
Which key metrics evaluate SQL performance?,"""Key evaluation metrics in SQL include accuracy, precision, recall, F1-score, mean squared error, and cross-validation performance."""
What tools are commonly used in SQL?,"""Popular tools used in SQL include specialized Python frameworks, cloud infrastructure services, and robust data management ecosystems."""
How does SQL differ from traditional software engineering?,"""SQL relies on data-driven probabilistic models and dynamic adaptation, whereas traditional software engineering relies on explicit deterministic logic."""
What is a best practice when working with SQL?,"""A key best practice in SQL is ensuring proper data cleaning, robust validation techniques, modular code structure, and continuous monitoring."""
How does scalability impact SQL implementation?,"Scalability in SQL determines how well system performance holds up when scaling compute resources or processing larger input volumes."""""
What role does hyperparameter tuning play in SQL?,"""Hyperparameter tuning optimizes model configuration to prevent overfitting or underfitting, improving overall generalized performance in SQL."""
What is the primary objective of Feature Engineering?,"""The main objective of FE is to build efficient, scalable solutions that maximize accurate prediction and operational decision-making in transforming raw attributes into features for predictive models."""
Why is Feature Engineering important in modern technology?,"""FE is critical because it enables organizations to automate complex tasks, extract value from complex datasets, and streamline computational workflows."""
What is a common use case for Feature Engineering?,"""A common use case for FE includes building predictive analytics, automating repetitive quantitative tasks, and generating actionable business intelligence."""
What core challenge exists within Feature Engineering?,"""A major challenge in FE is dealing with data quality issues, computational scale, model interpretability, and preventing algorithmic bias."""
Which key metrics evaluate Feature Engineering performance?,"""Key evaluation metrics in FE include accuracy, precision, recall, F1-score, mean squared error, and cross-validation performance."""
What tools are commonly used in Feature Engineering?,"""Popular tools used in FE include specialized Python frameworks, cloud infrastructure services, and robust data management ecosystems."""
How does Feature Engineering differ from traditional software engineering?,"""FE relies on data-driven probabilistic models and dynamic adaptation, whereas traditional software engineering relies on explicit deterministic logic."""
What is a best practice when working with Feature Engineering?,"""A key best practice in FE is ensuring proper data cleaning, robust validation techniques, modular code structure, and continuous monitoring."""
How does scalability impact Feature Engineering implementation?,"Scalability in FE determines how well system performance holds up when scaling compute resources or processing larger input volumes."""""
What role does hyperparameter tuning play in Feature Engineering?,"""Hyperparameter tuning optimizes model configuration to prevent overfitting or underfitting, improving overall generalized performance in FE."""
What is the primary objective of Neural Networks?,"""The main objective of ANN is to build efficient, scalable solutions that maximize accurate prediction and operational decision-making in interconnected layers of nodes mimicking brain structure."""
Why is Neural Networks important in modern technology?,"""ANN is critical because it enables organizations to automate complex tasks, extract value from complex datasets, and streamline computational workflows."""
What is a common use case for Neural Networks?,"""A common use case for ANN includes building predictive analytics, automating repetitive quantitative tasks, and generating actionable business intelligence."""
What core challenge exists within Neural Networks?,"""A major challenge in ANN is dealing with data quality issues, computational scale, model interpretability, and preventing algorithmic bias."""
Which key metrics evaluate Neural Networks performance?,"""Key evaluation metrics in ANN include accuracy, precision, recall, F1-score, mean squared error, and cross-validation performance."""
What tools are commonly used in Neural Networks?,"""Popular tools used in ANN include specialized Python frameworks, cloud infrastructure services, and robust data management ecosystems."""
How does Neural Networks differ from traditional software engineering?,"""ANN relies on data-driven probabilistic models and dynamic adaptation, whereas traditional software engineering relies on explicit deterministic logic."""
What is a best practice when working with Neural Networks?,"""A key best practice in ANN is ensuring proper data cleaning, robust validation techniques, modular code structure, and continuous monitoring."""
How does scalability impact Neural Networks implementation?,"Scalability in ANN determines how well system performance holds up when scaling compute resources or processing larger input volumes."""""
What role does hyperparameter tuning play in Neural Networks?,"""Hyperparameter tuning optimizes model configuration to prevent overfitting or underfitting, improving overall generalized performance in ANN."""
What is the primary objective of Model Optimization?,"""The main objective of Optimization is to build efficient, scalable solutions that maximize accurate prediction and operational decision-making in tuning hyperparameters to maximize evaluation metrics."""
Why is Model Optimization important in modern technology?,"""Optimization is critical because it enables organizations to automate complex tasks, extract value from complex datasets, and streamline computational workflows."""
What is a common use case for Model Optimization?,"""A common use case for Optimization includes building predictive analytics, automating repetitive quantitative tasks, and generating actionable business intelligence."""
What core challenge exists within Model Optimization?,"""A major challenge in Optimization is dealing with data quality issues, computational scale, model interpretability, and preventing algorithmic bias."""
Which key metrics evaluate Model Optimization performance?,"""Key evaluation metrics in Optimization include accuracy, precision, recall, F1-score, mean squared error, and cross-validation performance."""
What tools are commonly used in Model Optimization?,"""Popular tools used in Optimization include specialized Python frameworks, cloud infrastructure services, and robust data management ecosystems."""
How does Model Optimization differ from traditional software engineering?,"""Optimization relies on data-driven probabilistic models and dynamic adaptation, whereas traditional software engineering relies on explicit deterministic logic."""
What is a best practice when working with Model Optimization?,"""A key best practice in Optimization is ensuring proper data cleaning, robust validation techniques, modular code structure, and continuous monitoring."""
How does scalability impact Model Optimization implementation?,"Scalability in Optimization determines how well system performance holds up when scaling compute resources or processing larger input volumes."""""
What role does hyperparameter tuning play in Model Optimization?,"""Hyperparameter tuning optimizes model configuration to prevent overfitting or underfitting, improving overall generalized performance in Optimization."""
What is the primary objective of Time Series Analysis?,"""The main objective of TS is to build efficient, scalable solutions that maximize accurate prediction and operational decision-making in modeling sequential data points collected across time."""
Why is Time Series Analysis important in modern technology?,"""TS is critical because it enables organizations to automate complex tasks, extract value from complex datasets, and streamline computational workflows."""
What is a common use case for Time Series Analysis?,"""A common use case for TS includes building predictive analytics, automating repetitive quantitative tasks, and generating actionable business intelligence."""
What core challenge exists within Time Series Analysis?,"""A major challenge in TS is dealing with data quality issues, computational scale, model interpretability, and preventing algorithmic bias."""
Which key metrics evaluate Time Series Analysis performance?,"""Key evaluation metrics in TS include accuracy, precision, recall, F1-score, mean squared error, and cross-validation performance."""
What tools are commonly used in Time Series Analysis?,"""Popular tools used in TS include specialized Python frameworks, cloud infrastructure services, and robust data management ecosystems."""
How does Time Series Analysis differ from traditional software engineering?,"""TS relies on data-driven probabilistic models and dynamic adaptation, whereas traditional software engineering relies on explicit deterministic logic."""
What is a best practice when working with Time Series Analysis?,"""A key best practice in TS is ensuring proper data cleaning, robust validation techniques, modular code structure, and continuous monitoring."""
How does scalability impact Time Series Analysis implementation?,"Scalability in TS determines how well system performance holds up when scaling compute resources or processing larger input volumes."""""
What role does hyperparameter tuning play in Time Series Analysis?,"""Hyperparameter tuning optimizes model configuration to prevent overfitting or underfitting, improving overall generalized performance in TS."""
What is the primary objective of Cloud Data Analytics?,"""The main objective of Cloud Analytics is to build efficient, scalable solutions that maximize accurate prediction and operational decision-making in scalable compute engines operating over distributed storage."""
Why is Cloud Data Analytics important in modern technology?,"""Cloud Analytics is critical because it enables organizations to automate complex tasks, extract value from complex datasets, and streamline computational workflows."""
What is a common use case for Cloud Data Analytics?,"""A common use case for Cloud Analytics includes building predictive analytics, automating repetitive quantitative tasks, and generating actionable business intelligence."""
What core challenge exists within Cloud Data Analytics?,"""A major challenge in Cloud Analytics is dealing with data quality issues, computational scale, model interpretability, and preventing algorithmic bias."""
Which key metrics evaluate Cloud Data Analytics performance?,"""Key evaluation metrics in Cloud Analytics include accuracy, precision, recall, F1-score, mean squared error, and cross-validation performance."""
What tools are commonly used in Cloud Data Analytics?,"""Popular tools used in Cloud Analytics include specialized Python frameworks, cloud infrastructure services, and robust data management ecosystems."""
How does Cloud Data Analytics differ from traditional software engineering?,"""Cloud Analytics relies on data-driven probabilistic models and dynamic adaptation, whereas traditional software engineering relies on explicit deterministic logic."""
What is a best practice when working with Cloud Data Analytics?,"""A key best practice in Cloud Analytics is ensuring proper data cleaning, robust validation techniques, modular code structure, and continuous monitoring."""
How does scalability impact Cloud Data Analytics implementation?,"Scalability in Cloud Analytics determines how well system performance holds up when scaling compute resources or processing larger input volumes."""""
What role does hyperparameter tuning play in Cloud Data Analytics?,"""Hyperparameter tuning optimizes model configuration to prevent overfitting or underfitting, improving overall generalized performance in Cloud Analytics."""
What is the primary objective of Data Governance?,"""The main objective of Governance is to build efficient, scalable solutions that maximize accurate prediction and operational decision-making in ensuring data quality, compliance, security, and integrity."""
Why is Data Governance important in modern technology?,"""Governance is critical because it enables organizations to automate complex tasks, extract value from complex datasets, and streamline computational workflows."""
What is a common use case for Data Governance?,"""A common use case for Governance includes building predictive analytics, automating repetitive quantitative tasks, and generating actionable business intelligence."""
What core challenge exists within Data Governance?,"""A major challenge in Governance is dealing with data quality issues, computational scale, model interpretability, and preventing algorithmic bias."""
Which key metrics evaluate Data Governance performance?,"""Key evaluation metrics in Governance include accuracy, precision, recall, F1-score, mean squared error, and cross-validation performance."""
What tools are commonly used in Data Governance?,"""Popular tools used in Governance include specialized Python frameworks, cloud infrastructure services, and robust data management ecosystems."""
How does Data Governance differ from traditional software engineering?,"""Governance relies on data-driven probabilistic models and dynamic adaptation, whereas traditional software engineering relies on explicit deterministic logic."""
What is a best practice when working with Data Governance?,"""A key best practice in Governance is ensuring proper data cleaning, robust validation techniques, modular code structure, and continuous monitoring."""
How does scalability impact Data Governance implementation?,"Scalability in Governance determines how well system performance holds up when scaling compute resources or processing larger input volumes."""""
What role does hyperparameter tuning play in Data Governance?,"""Hyperparameter tuning optimizes model configuration to prevent overfitting or underfitting, improving overall generalized performance in Governance."""
What is Overfitting?,"""Overfitting occurs when a model learns training data noise, reducing accuracy on unseen test data."""
What is Underfitting?,"Underfitting occurs when a model is too simple to capture the underlying structure of the data."""""
What is Bias-Variance Tradeoff?,"The bias-variance tradeoff balances model simplicity (high bias) with sensitivity to training data (high variance)."""""
What is Cross-Validation?,"Cross-validation is a resampling method used to evaluate model performance across multiple folds of data."""""
What is Gradient Descent?,"Gradient descent is an optimization algorithm used to minimize a loss function by updating weights iteratively."""""
What is a Confusion Matrix?,"A confusion matrix measures classification performance by detailing true/false positives and negatives."""""
What is Precision?,"Precision is the ratio of true positive predictions to all positive predictions made by the model."""""
What is Recall?,"Recall is the ratio of true positive predictions to all actual positive instances in the data."""""
What is F1-Score?,"""F1-Score is the harmonic mean of precision and recall, balancing both metrics into a single value."""
What is a Transformer model?,"A Transformer is a deep learning architecture that relies on self-attention mechanisms to process sequential data in parallel."""""
What is technical concept #1 in Artificial Intelligence?,"""Technical concept #1 covers quantitative methods, algorithmic optimization, and operational best practices in Artificial Intelligence."""
What is technical concept #2 in Machine Learning?,"""Technical concept #2 covers quantitative methods, algorithmic optimization, and operational best practices in Machine Learning."""
What is technical concept #3 in Deep Learning?,"""Technical concept #3 covers quantitative methods, algorithmic optimization, and operational best practices in Deep Learning."""
What is technical concept #4 in Data Science?,"""Technical concept #4 covers quantitative methods, algorithmic optimization, and operational best practices in Data Science."""
What is technical concept #5 in Natural Language Processing?,"""Technical concept #5 covers quantitative methods, algorithmic optimization, and operational best practices in Natural Language Processing."""
What is technical concept #6 in Computer Vision?,"""Technical concept #6 covers quantitative methods, algorithmic optimization, and operational best practices in Computer Vision."""
What is technical concept #7 in Reinforcement Learning?,"""Technical concept #7 covers quantitative methods, algorithmic optimization, and operational best practices in Reinforcement Learning."""
What is technical concept #8 in Generative AI?,"""Technical concept #8 covers quantitative methods, algorithmic optimization, and operational best practices in Generative AI."""
What is technical concept #9 in Big Data?,"""Technical concept #9 covers quantitative methods, algorithmic optimization, and operational best practices in Big Data."""
What is technical concept #10 in Data Engineering?,"""Technical concept #10 covers quantitative methods, algorithmic optimization, and operational best practices in Data Engineering."""
What is technical concept #11 in MLOps?,"""Technical concept #11 covers quantitative methods, algorithmic optimization, and operational best practices in MLOps."""
What is technical concept #12 in Statistics?,"""Technical concept #12 covers quantitative methods, algorithmic optimization, and operational best practices in Statistics."""
What is technical concept #13 in Python?,"""Technical concept #13 covers quantitative methods, algorithmic optimization, and operational best practices in Python."""
What is technical concept #14 in SQL?,"""Technical concept #14 covers quantitative methods, algorithmic optimization, and operational best practices in SQL."""
What is technical concept #15 in Feature Engineering?,"""Technical concept #15 covers quantitative methods, algorithmic optimization, and operational best practices in Feature Engineering."""
What is technical concept #16 in Neural Networks?,"""Technical concept #16 covers quantitative methods, algorithmic optimization, and operational best practices in Neural Networks."""
What is technical concept #17 in Model Optimization?,"""Technical concept #17 covers quantitative methods, algorithmic optimization, and operational best practices in Model Optimization."""
What is technical concept #18 in Time Series Analysis?,"""Technical concept #18 covers quantitative methods, algorithmic optimization, and operational best practices in Time Series Analysis."""
What is technical concept #19 in Cloud Data Analytics?,"""Technical concept #19 covers quantitative methods, algorithmic optimization, and operational best practices in Cloud Data Analytics."""
What is technical concept #20 in Data Governance?,"""Technical concept #20 covers quantitative methods, algorithmic optimization, and operational best practices in Data Governance."""
What is technical concept #21 in Artificial Intelligence?,"""Technical concept #21 covers quantitative methods, algorithmic optimization, and operational best practices in Artificial Intelligence."""
What is technical concept #22 in Machine Learning?,"""Technical concept #22 covers quantitative methods, algorithmic optimization, and operational best practices in Machine Learning."""
What is technical concept #23 in Deep Learning?,"""Technical concept #23 covers quantitative methods, algorithmic optimization, and operational best practices in Deep Learning."""
What is technical concept #24 in Data Science?,"""Technical concept #24 covers quantitative methods, algorithmic optimization, and operational best practices in Data Science."""
What is technical concept #25 in Natural Language Processing?,"""Technical concept #25 covers quantitative methods, algorithmic optimization, and operational best practices in Natural Language Processing."""
What is technical concept #26 in Computer Vision?,"""Technical concept #26 covers quantitative methods, algorithmic optimization, and operational best practices in Computer Vision."""
What is technical concept #27 in Reinforcement Learning?,"""Technical concept #27 covers quantitative methods, algorithmic optimization, and operational best practices in Reinforcement Learning."""
What is technical concept #28 in Generative AI?,"""Technical concept #28 covers quantitative methods, algorithmic optimization, and operational best practices in Generative AI."""
What is technical concept #29 in Big Data?,"""Technical concept #29 covers quantitative methods, algorithmic optimization, and operational best practices in Big Data."""
What is technical concept #30 in Data Engineering?,"""Technical concept #30 covers quantitative methods, algorithmic optimization, and operational best practices in Data Engineering."""
What is technical concept #31 in MLOps?,"""Technical concept #31 covers quantitative methods, algorithmic optimization, and operational best practices in MLOps."""
What is technical concept #32 in Statistics?,"""Technical concept #32 covers quantitative methods, algorithmic optimization, and operational best practices in Statistics."""
What is technical concept #33 in Python?,"""Technical concept #33 covers quantitative methods, algorithmic optimization, and operational best practices in Python."""
What is technical concept #34 in SQL?,"""Technical concept #34 covers quantitative methods, algorithmic optimization, and operational best practices in SQL."""
What is technical concept #35 in Feature Engineering?,"""Technical concept #35 covers quantitative methods, algorithmic optimization, and operational best practices in Feature Engineering."""
What is technical concept #36 in Neural Networks?,"""Technical concept #36 covers quantitative methods, algorithmic optimization, and operational best practices in Neural Networks."""
What is technical concept #37 in Model Optimization?,"""Technical concept #37 covers quantitative methods, algorithmic optimization, and operational best practices in Model Optimization."""
What is technical concept #38 in Time Series Analysis?,"""Technical concept #38 covers quantitative methods, algorithmic optimization, and operational best practices in Time Series Analysis."""
What is technical concept #39 in Cloud Data Analytics?,"""Technical concept #39 covers quantitative methods, algorithmic optimization, and operational best practices in Cloud Data Analytics."""
What is technical concept #40 in Data Governance?,"""Technical concept #40 covers quantitative methods, algorithmic optimization, and operational best practices in Data Governance."""
What is technical concept #41 in Artificial Intelligence?,"""Technical concept #41 covers quantitative methods, algorithmic optimization, and operational best practices in Artificial Intelligence."""
What is technical concept #42 in Machine Learning?,"""Technical concept #42 covers quantitative methods, algorithmic optimization, and operational best practices in Machine Learning."""
What is technical concept #43 in Deep Learning?,"""Technical concept #43 covers quantitative methods, algorithmic optimization, and operational best practices in Deep Learning."""
What is technical concept #44 in Data Science?,"""Technical concept #44 covers quantitative methods, algorithmic optimization, and operational best practices in Data Science."""
What is technical concept #45 in Natural Language Processing?,"""Technical concept #45 covers quantitative methods, algorithmic optimization, and operational best practices in Natural Language Processing."""
What is technical concept #46 in Computer Vision?,"""Technical concept #46 covers quantitative methods, algorithmic optimization, and operational best practices in Computer Vision."""
What is technical concept #47 in Reinforcement Learning?,"""Technical concept #47 covers quantitative methods, algorithmic optimization, and operational best practices in Reinforcement Learning."""
What is technical concept #48 in Generative AI?,"""Technical concept #48 covers quantitative methods, algorithmic optimization, and operational best practices in Generative AI."""
What is technical concept #49 in Big Data?,"""Technical concept #49 covers quantitative methods, algorithmic optimization, and operational best practices in Big Data."""
What is technical concept #50 in Data Engineering?,"""Technical concept #50 covers quantitative methods, algorithmic optimization, and operational best practices in Data Engineering."""
What is technical concept #51 in MLOps?,"""Technical concept #51 covers quantitative methods, algorithmic optimization, and operational best practices in MLOps."""
What is technical concept #52 in Statistics?,"""Technical concept #52 covers quantitative methods, algorithmic optimization, and operational best practices in Statistics."""
What is technical concept #53 in Python?,"""Technical concept #53 covers quantitative methods, algorithmic optimization, and operational best practices in Python."""
What is technical concept #54 in SQL?,"""Technical concept #54 covers quantitative methods, algorithmic optimization, and operational best practices in SQL."""
What is technical concept #55 in Feature Engineering?,"""Technical concept #55 covers quantitative methods, algorithmic optimization, and operational best practices in Feature Engineering."""
What is technical concept #56 in Neural Networks?,"""Technical concept #56 covers quantitative methods, algorithmic optimization, and operational best practices in Neural Networks."""
What is technical concept #57 in Model Optimization?,"""Technical concept #57 covers quantitative methods, algorithmic optimization, and operational best practices in Model Optimization."""
What is technical concept #58 in Time Series Analysis?,"""Technical concept #58 covers quantitative methods, algorithmic optimization, and operational best practices in Time Series Analysis."""
What is technical concept #59 in Cloud Data Analytics?,"""Technical concept #59 covers quantitative methods, algorithmic optimization, and operational best practices in Cloud Data Analytics."""
What is technical concept #60 in Data Governance?,"""Technical concept #60 covers quantitative methods, algorithmic optimization, and operational best practices in Data Governance."""
What is technical concept #61 in Artificial Intelligence?,"""Technical concept #61 covers quantitative methods, algorithmic optimization, and operational best practices in Artificial Intelligence."""
What is technical concept #62 in Machine Learning?,"""Technical concept #62 covers quantitative methods, algorithmic optimization, and operational best practices in Machine Learning."""
What is technical concept #63 in Deep Learning?,"""Technical concept #63 covers quantitative methods, algorithmic optimization, and operational best practices in Deep Learning."""
What is technical concept #64 in Data Science?,"""Technical concept #64 covers quantitative methods, algorithmic optimization, and operational best practices in Data Science."""
What is technical concept #65 in Natural Language Processing?,"""Technical concept #65 covers quantitative methods, algorithmic optimization, and operational best practices in Natural Language Processing."""
What is technical concept #66 in Computer Vision?,"""Technical concept #66 covers quantitative methods, algorithmic optimization, and operational best practices in Computer Vision."""
What is technical concept #67 in Reinforcement Learning?,"""Technical concept #67 covers quantitative methods, algorithmic optimization, and operational best practices in Reinforcement Learning."""
What is technical concept #68 in Generative AI?,"""Technical concept #68 covers quantitative methods, algorithmic optimization, and operational best practices in Generative AI."""
What is technical concept #69 in Big Data?,"""Technical concept #69 covers quantitative methods, algorithmic optimization, and operational best practices in Big Data."""
What is technical concept #70 in Data Engineering?,"""Technical concept #70 covers quantitative methods, algorithmic optimization, and operational best practices in Data Engineering."""
What is technical concept #71 in MLOps?,"""Technical concept #71 covers quantitative methods, algorithmic optimization, and operational best practices in MLOps."""
What is technical concept #72 in Statistics?,"""Technical concept #72 covers quantitative methods, algorithmic optimization, and operational best practices in Statistics."""
What is technical concept #73 in Python?,"""Technical concept #73 covers quantitative methods, algorithmic optimization, and operational best practices in Python."""
What is technical concept #74 in SQL?,"""Technical concept #74 covers quantitative methods, algorithmic optimization, and operational best practices in SQL."""
What is technical concept #75 in Feature Engineering?,"""Technical concept #75 covers quantitative methods, algorithmic optimization, and operational best practices in Feature Engineering."""
What is technical concept #76 in Neural Networks?,"""Technical concept #76 covers quantitative methods, algorithmic optimization, and operational best practices in Neural Networks."""
What is technical concept #77 in Model Optimization?,"""Technical concept #77 covers quantitative methods, algorithmic optimization, and operational best practices in Model Optimization."""
What is technical concept #78 in Time Series Analysis?,"""Technical concept #78 covers quantitative methods, algorithmic optimization, and operational best practices in Time Series Analysis."""
What is technical concept #79 in Cloud Data Analytics?,"""Technical concept #79 covers quantitative methods, algorithmic optimization, and operational best practices in Cloud Data Analytics."""
What is technical concept #80 in Data Governance?,"""Technical concept #80 covers quantitative methods, algorithmic optimization, and operational best practices in Data Governance."""
What is technical concept #81 in Artificial Intelligence?,"""Technical concept #81 covers quantitative methods, algorithmic optimization, and operational best practices in Artificial Intelligence."""
What is technical concept #82 in Machine Learning?,"""Technical concept #82 covers quantitative methods, algorithmic optimization, and operational best practices in Machine Learning."""
What is technical concept #83 in Deep Learning?,"""Technical concept #83 covers quantitative methods, algorithmic optimization, and operational best practices in Deep Learning."""
What is technical concept #84 in Data Science?,"""Technical concept #84 covers quantitative methods, algorithmic optimization, and operational best practices in Data Science."""
What is technical concept #85 in Natural Language Processing?,"""Technical concept #85 covers quantitative methods, algorithmic optimization, and operational best practices in Natural Language Processing."""
What is technical concept #86 in Computer Vision?,"""Technical concept #86 covers quantitative methods, algorithmic optimization, and operational best practices in Computer Vision."""
What is technical concept #87 in Reinforcement Learning?,"""Technical concept #87 covers quantitative methods, algorithmic optimization, and operational best practices in Reinforcement Learning."""
What is technical concept #88 in Generative AI?,"""Technical concept #88 covers quantitative methods, algorithmic optimization, and operational best practices in Generative AI."""
What is technical concept #89 in Big Data?,"""Technical concept #89 covers quantitative methods, algorithmic optimization, and operational best practices in Big Data."""
What is technical concept #90 in Data Engineering?,"""Technical concept #90 covers quantitative methods, algorithmic optimization, and operational best practices in Data Engineering."""
What is technical concept #91 in MLOps?,"""Technical concept #91 covers quantitative methods, algorithmic optimization, and operational best practices in MLOps."""
What is technical concept #92 in Statistics?,"""Technical concept #92 covers quantitative methods, algorithmic optimization, and operational best practices in Statistics."""
What is technical concept #93 in Python?,"""Technical concept #93 covers quantitative methods, algorithmic optimization, and operational best practices in Python."""
What is technical concept #94 in SQL?,"""Technical concept #94 covers quantitative methods, algorithmic optimization, and operational best practices in SQL."""
What is technical concept #95 in Feature Engineering?,"""Technical concept #95 covers quantitative methods, algorithmic optimization, and operational best practices in Feature Engineering."""
What is technical concept #96 in Neural Networks?,"""Technical concept #96 covers quantitative methods, algorithmic optimization, and operational best practices in Neural Networks."""
What is technical concept #97 in Model Optimization?,"""Technical concept #97 covers quantitative methods, algorithmic optimization, and operational best practices in Model Optimization."""
What is technical concept #98 in Time Series Analysis?,"""Technical concept #98 covers quantitative methods, algorithmic optimization, and operational best practices in Time Series Analysis."""
What is technical concept #99 in Cloud Data Analytics?,"""Technical concept #99 covers quantitative methods, algorithmic optimization, and operational best practices in Cloud Data Analytics."""
What is technical concept #100 in Data Governance?,"""Technical concept #100 covers quantitative methods, algorithmic optimization, and operational best practices in Data Governance."""
What is technical concept #101 in Artificial Intelligence?,"""Technical concept #101 covers quantitative methods, algorithmic optimization, and operational best practices in Artificial Intelligence."""
What is technical concept #102 in Machine Learning?,"""Technical concept #102 covers quantitative methods, algorithmic optimization, and operational best practices in Machine Learning."""
What is technical concept #103 in Deep Learning?,"""Technical concept #103 covers quantitative methods, algorithmic optimization, and operational best practices in Deep Learning."""
What is technical concept #104 in Data Science?,"""Technical concept #104 covers quantitative methods, algorithmic optimization, and operational best practices in Data Science."""
What is technical concept #105 in Natural Language Processing?,"""Technical concept #105 covers quantitative methods, algorithmic optimization, and operational best practices in Natural Language Processing."""
What is technical concept #106 in Computer Vision?,"""Technical concept #106 covers quantitative methods, algorithmic optimization, and operational best practices in Computer Vision."""
What is technical concept #107 in Reinforcement Learning?,"""Technical concept #107 covers quantitative methods, algorithmic optimization, and operational best practices in Reinforcement Learning."""
What is technical concept #108 in Generative AI?,"""Technical concept #108 covers quantitative methods, algorithmic optimization, and operational best practices in Generative AI."""
What is technical concept #109 in Big Data?,"""Technical concept #109 covers quantitative methods, algorithmic optimization, and operational best practices in Big Data."""
What is technical concept #110 in Data Engineering?,"""Technical concept #110 covers quantitative methods, algorithmic optimization, and operational best practices in Data Engineering."""
What is technical concept #111 in MLOps?,"""Technical concept #111 covers quantitative methods, algorithmic optimization, and operational best practices in MLOps."""
What is technical concept #112 in Statistics?,"""Technical concept #112 covers quantitative methods, algorithmic optimization, and operational best practices in Statistics."""
What is technical concept #113 in Python?,"""Technical concept #113 covers quantitative methods, algorithmic optimization, and operational best practices in Python."""
What is technical concept #114 in SQL?,"""Technical concept #114 covers quantitative methods, algorithmic optimization, and operational best practices in SQL."""
What is technical concept #115 in Feature Engineering?,"""Technical concept #115 covers quantitative methods, algorithmic optimization, and operational best practices in Feature Engineering."""
What is technical concept #116 in Neural Networks?,"""Technical concept #116 covers quantitative methods, algorithmic optimization, and operational best practices in Neural Networks."""
What is technical concept #117 in Model Optimization?,"""Technical concept #117 covers quantitative methods, algorithmic optimization, and operational best practices in Model Optimization."""
What is technical concept #118 in Time Series Analysis?,"""Technical concept #118 covers quantitative methods, algorithmic optimization, and operational best practices in Time Series Analysis."""
What is technical concept #119 in Cloud Data Analytics?,"""Technical concept #119 covers quantitative methods, algorithmic optimization, and operational best practices in Cloud Data Analytics."""
What is technical concept #120 in Data Governance?,"""Technical concept #120 covers quantitative methods, algorithmic optimization, and operational best practices in Data Governance."""
What is technical concept #121 in Artificial Intelligence?,"""Technical concept #121 covers quantitative methods, algorithmic optimization, and operational best practices in Artificial Intelligence."""
What is technical concept #122 in Machine Learning?,"""Technical concept #122 covers quantitative methods, algorithmic optimization, and operational best practices in Machine Learning."""
What is technical concept #123 in Deep Learning?,"""Technical concept #123 covers quantitative methods, algorithmic optimization, and operational best practices in Deep Learning."""
What is technical concept #124 in Data Science?,"""Technical concept #124 covers quantitative methods, algorithmic optimization, and operational best practices in Data Science."""
What is technical concept #125 in Natural Language Processing?,"""Technical concept #125 covers quantitative methods, algorithmic optimization, and operational best practices in Natural Language Processing."""
What is technical concept #126 in Computer Vision?,"""Technical concept #126 covers quantitative methods, algorithmic optimization, and operational best practices in Computer Vision."""
What is technical concept #127 in Reinforcement Learning?,"""Technical concept #127 covers quantitative methods, algorithmic optimization, and operational best practices in Reinforcement Learning."""
What is technical concept #128 in Generative AI?,"""Technical concept #128 covers quantitative methods, algorithmic optimization, and operational best practices in Generative AI."""
What is technical concept #129 in Big Data?,"""Technical concept #129 covers quantitative methods, algorithmic optimization, and operational best practices in Big Data."""
What is technical concept #130 in Data Engineering?,"""Technical concept #130 covers quantitative methods, algorithmic optimization, and operational best practices in Data Engineering."""
What is technical concept #131 in MLOps?,"""Technical concept #131 covers quantitative methods, algorithmic optimization, and operational best practices in MLOps."""
What is technical concept #132 in Statistics?,"""Technical concept #132 covers quantitative methods, algorithmic optimization, and operational best practices in Statistics."""
What is technical concept #133 in Python?,"""Technical concept #133 covers quantitative methods, algorithmic optimization, and operational best practices in Python."""
What is technical concept #134 in SQL?,"""Technical concept #134 covers quantitative methods, algorithmic optimization, and operational best practices in SQL."""
What is technical concept #135 in Feature Engineering?,"""Technical concept #135 covers quantitative methods, algorithmic optimization, and operational best practices in Feature Engineering."""
What is technical concept #136 in Neural Networks?,"""Technical concept #136 covers quantitative methods, algorithmic optimization, and operational best practices in Neural Networks."""
What is technical concept #137 in Model Optimization?,"""Technical concept #137 covers quantitative methods, algorithmic optimization, and operational best practices in Model Optimization."""
What is technical concept #138 in Time Series Analysis?,"""Technical concept #138 covers quantitative methods, algorithmic optimization, and operational best practices in Time Series Analysis."""
What is technical concept #139 in Cloud Data Analytics?,"""Technical concept #139 covers quantitative methods, algorithmic optimization, and operational best practices in Cloud Data Analytics."""
What is technical concept #140 in Data Governance?,"""Technical concept #140 covers quantitative methods, algorithmic optimization, and operational best practices in Data Governance."""
What is technical concept #141 in Artificial Intelligence?,"""Technical concept #141 covers quantitative methods, algorithmic optimization, and operational best practices in Artificial Intelligence."""
What is technical concept #142 in Machine Learning?,"""Technical concept #142 covers quantitative methods, algorithmic optimization, and operational best practices in Machine Learning."""
What is technical concept #143 in Deep Learning?,"""Technical concept #143 covers quantitative methods, algorithmic optimization, and operational best practices in Deep Learning."""
What is technical concept #144 in Data Science?,"""Technical concept #144 covers quantitative methods, algorithmic optimization, and operational best practices in Data Science."""
What is technical concept #145 in Natural Language Processing?,"""Technical concept #145 covers quantitative methods, algorithmic optimization, and operational best practices in Natural Language Processing."""
What is technical concept #146 in Computer Vision?,"""Technical concept #146 covers quantitative methods, algorithmic optimization, and operational best practices in Computer Vision."""
What is technical concept #147 in Reinforcement Learning?,"""Technical concept #147 covers quantitative methods, algorithmic optimization, and operational best practices in Reinforcement Learning."""
What is technical concept #148 in Generative AI?,"""Technical concept #148 covers quantitative methods, algorithmic optimization, and operational best practices in Generative AI."""
What is technical concept #149 in Big Data?,"""Technical concept #149 covers quantitative methods, algorithmic optimization, and operational best practices in Big Data."""
What is technical concept #150 in Data Engineering?,"""Technical concept #150 covers quantitative methods, algorithmic optimization, and operational best practices in Data Engineering."""
What is technical concept #151 in MLOps?,"""Technical concept #151 covers quantitative methods, algorithmic optimization, and operational best practices in MLOps."""
What is technical concept #152 in Statistics?,"""Technical concept #152 covers quantitative methods, algorithmic optimization, and operational best practices in Statistics."""
What is technical concept #153 in Python?,"""Technical concept #153 covers quantitative methods, algorithmic optimization, and operational best practices in Python."""
What is technical concept #154 in SQL?,"""Technical concept #154 covers quantitative methods, algorithmic optimization, and operational best practices in SQL."""
What is technical concept #155 in Feature Engineering?,"""Technical concept #155 covers quantitative methods, algorithmic optimization, and operational best practices in Feature Engineering."""
What is technical concept #156 in Neural Networks?,"""Technical concept #156 covers quantitative methods, algorithmic optimization, and operational best practices in Neural Networks."""
What is technical concept #157 in Model Optimization?,"""Technical concept #157 covers quantitative methods, algorithmic optimization, and operational best practices in Model Optimization."""
What is technical concept #158 in Time Series Analysis?,"""Technical concept #158 covers quantitative methods, algorithmic optimization, and operational best practices in Time Series Analysis."""
What is technical concept #159 in Cloud Data Analytics?,"""Technical concept #159 covers quantitative methods, algorithmic optimization, and operational best practices in Cloud Data Analytics."""
What is technical concept #160 in Data Governance?,"""Technical concept #160 covers quantitative methods, algorithmic optimization, and operational best practices in Data Governance."""
What is technical concept #161 in Artificial Intelligence?,"""Technical concept #161 covers quantitative methods, algorithmic optimization, and operational best practices in Artificial Intelligence."""
What is technical concept #162 in Machine Learning?,"""Technical concept #162 covers quantitative methods, algorithmic optimization, and operational best practices in Machine Learning."""
What is technical concept #163 in Deep Learning?,"""Technical concept #163 covers quantitative methods, algorithmic optimization, and operational best practices in Deep Learning."""
What is technical concept #164 in Data Science?,"""Technical concept #164 covers quantitative methods, algorithmic optimization, and operational best practices in Data Science."""
What is technical concept #165 in Natural Language Processing?,"""Technical concept #165 covers quantitative methods, algorithmic optimization, and operational best practices in Natural Language Processing."""
What is technical concept #166 in Computer Vision?,"""Technical concept #166 covers quantitative methods, algorithmic optimization, and operational best practices in Computer Vision."""
What is technical concept #167 in Reinforcement Learning?,"""Technical concept #167 covers quantitative methods, algorithmic optimization, and operational best practices in Reinforcement Learning."""
What is technical concept #168 in Generative AI?,"""Technical concept #168 covers quantitative methods, algorithmic optimization, and operational best practices in Generative AI."""
What is technical concept #169 in Big Data?,"""Technical concept #169 covers quantitative methods, algorithmic optimization, and operational best practices in Big Data."""
What is technical concept #170 in Data Engineering?,"""Technical concept #170 covers quantitative methods, algorithmic optimization, and operational best practices in Data Engineering."""
What is technical concept #171 in MLOps?,"""Technical concept #171 covers quantitative methods, algorithmic optimization, and operational best practices in MLOps."""
What is technical concept #172 in Statistics?,"""Technical concept #172 covers quantitative methods, algorithmic optimization, and operational best practices in Statistics."""
What is technical concept #173 in Python?,"""Technical concept #173 covers quantitative methods, algorithmic optimization, and operational best practices in Python."""
What is technical concept #174 in SQL?,"""Technical concept #174 covers quantitative methods, algorithmic optimization, and operational best practices in SQL."""
What is technical concept #175 in Feature Engineering?,"""Technical concept #175 covers quantitative methods, algorithmic optimization, and operational best practices in Feature Engineering."""
What is technical concept #176 in Neural Networks?,"""Technical concept #176 covers quantitative methods, algorithmic optimization, and operational best practices in Neural Networks."""
What is technical concept #177 in Model Optimization?,"""Technical concept #177 covers quantitative methods, algorithmic optimization, and operational best practices in Model Optimization."""
What is technical concept #178 in Time Series Analysis?,"""Technical concept #178 covers quantitative methods, algorithmic optimization, and operational best practices in Time Series Analysis."""
What is technical concept #179 in Cloud Data Analytics?,"""Technical concept #179 covers quantitative methods, algorithmic optimization, and operational best practices in Cloud Data Analytics."""
What is technical concept #180 in Data Governance?,"""Technical concept #180 covers quantitative methods, algorithmic optimization, and operational best practices in Data Governance."""
What is technical concept #181 in Artificial Intelligence?,"""Technical concept #181 covers quantitative methods, algorithmic optimization, and operational best practices in Artificial Intelligence."""
What is technical concept #182 in Machine Learning?,"""Technical concept #182 covers quantitative methods, algorithmic optimization, and operational best practices in Machine Learning."""
What is technical concept #183 in Deep Learning?,"""Technical concept #183 covers quantitative methods, algorithmic optimization, and operational best practices in Deep Learning."""
What is technical concept #184 in Data Science?,"""Technical concept #184 covers quantitative methods, algorithmic optimization, and operational best practices in Data Science."""
What is technical concept #185 in Natural Language Processing?,"""Technical concept #185 covers quantitative methods, algorithmic optimization, and operational best practices in Natural Language Processing."""
What is technical concept #186 in Computer Vision?,"""Technical concept #186 covers quantitative methods, algorithmic optimization, and operational best practices in Computer Vision."""
What is technical concept #187 in Reinforcement Learning?,"""Technical concept #187 covers quantitative methods, algorithmic optimization, and operational best practices in Reinforcement Learning."""
What is technical concept #188 in Generative AI?,"""Technical concept #188 covers quantitative methods, algorithmic optimization, and operational best practices in Generative AI."""
What is technical concept #189 in Big Data?,"""Technical concept #189 covers quantitative methods, algorithmic optimization, and operational best practices in Big Data."""
What is technical concept #190 in Data Engineering?,"""Technical concept #190 covers quantitative methods, algorithmic optimization, and operational best practices in Data Engineering."""
What is technical concept #191 in MLOps?,"""Technical concept #191 covers quantitative methods, algorithmic optimization, and operational best practices in MLOps."""
What is technical concept #192 in Statistics?,"""Technical concept #192 covers quantitative methods, algorithmic optimization, and operational best practices in Statistics."""
What is technical concept #193 in Python?,"""Technical concept #193 covers quantitative methods, algorithmic optimization, and operational best practices in Python."""
What is technical concept #194 in SQL?,"""Technical concept #194 covers quantitative methods, algorithmic optimization, and operational best practices in SQL."""
What is technical concept #195 in Feature Engineering?,"""Technical concept #195 covers quantitative methods, algorithmic optimization, and operational best practices in Feature Engineering."""
What is technical concept #196 in Neural Networks?,"""Technical concept #196 covers quantitative methods, algorithmic optimization, and operational best practices in Neural Networks."""
What is technical concept #197 in Model Optimization?,"""Technical concept #197 covers quantitative methods, algorithmic optimization, and operational best practices in Model Optimization."""
What is technical concept #198 in Time Series Analysis?,"""Technical concept #198 covers quantitative methods, algorithmic optimization, and operational best practices in Time Series Analysis."""
What is technical concept #199 in Cloud Data Analytics?,"""Technical concept #199 covers quantitative methods, algorithmic optimization, and operational best practices in Cloud Data Analytics."""
What is technical concept #200 in Data Governance?,"""Technical concept #200 covers quantitative methods, algorithmic optimization, and operational best practices in Data Governance."""
What is technical concept #201 in Artificial Intelligence?,"""Technical concept #201 covers quantitative methods, algorithmic optimization, and operational best practices in Artificial Intelligence."""
What is technical concept #202 in Machine Learning?,"""Technical concept #202 covers quantitative methods, algorithmic optimization, and operational best practices in Machine Learning."""
What is technical concept #203 in Deep Learning?,"""Technical concept #203 covers quantitative methods, algorithmic optimization, and operational best practices in Deep Learning."""
What is technical concept #204 in Data Science?,"""Technical concept #204 covers quantitative methods, algorithmic optimization, and operational best practices in Data Science."""
What is technical concept #205 in Natural Language Processing?,"""Technical concept #205 covers quantitative methods, algorithmic optimization, and operational best practices in Natural Language Processing."""
What is technical concept #206 in Computer Vision?,"""Technical concept #206 covers quantitative methods, algorithmic optimization, and operational best practices in Computer Vision."""
What is technical concept #207 in Reinforcement Learning?,"""Technical concept #207 covers quantitative methods, algorithmic optimization, and operational best practices in Reinforcement Learning."""
What is technical concept #208 in Generative AI?,"""Technical concept #208 covers quantitative methods, algorithmic optimization, and operational best practices in Generative AI."""
What is technical concept #209 in Big Data?,"""Technical concept #209 covers quantitative methods, algorithmic optimization, and operational best practices in Big Data."""
What is technical concept #210 in Data Engineering?,"""Technical concept #210 covers quantitative methods, algorithmic optimization, and operational best practices in Data Engineering."""
What is technical concept #211 in MLOps?,"""Technical concept #211 covers quantitative methods, algorithmic optimization, and operational best practices in MLOps."""
What is technical concept #212 in Statistics?,"""Technical concept #212 covers quantitative methods, algorithmic optimization, and operational best practices in Statistics."""
What is technical concept #213 in Python?,"""Technical concept #213 covers quantitative methods, algorithmic optimization, and operational best practices in Python."""
What is technical concept #214 in SQL?,"""Technical concept #214 covers quantitative methods, algorithmic optimization, and operational best practices in SQL."""
What is technical concept #215 in Feature Engineering?,"""Technical concept #215 covers quantitative methods, algorithmic optimization, and operational best practices in Feature Engineering."""
What is technical concept #216 in Neural Networks?,"""Technical concept #216 covers quantitative methods, algorithmic optimization, and operational best practices in Neural Networks."""
What is technical concept #217 in Model Optimization?,"""Technical concept #217 covers quantitative methods, algorithmic optimization, and operational best practices in Model Optimization."""
What is technical concept #218 in Time Series Analysis?,"""Technical concept #218 covers quantitative methods, algorithmic optimization, and operational best practices in Time Series Analysis."""
What is technical concept #219 in Cloud Data Analytics?,"""Technical concept #219 covers quantitative methods, algorithmic optimization, and operational best practices in Cloud Data Analytics."""
What is technical concept #220 in Data Governance?,"""Technical concept #220 covers quantitative methods, algorithmic optimization, and operational best practices in Data Governance."""
What is technical concept #221 in Artificial Intelligence?,"""Technical concept #221 covers quantitative methods, algorithmic optimization, and operational best practices in Artificial Intelligence."""
What is technical concept #222 in Machine Learning?,"""Technical concept #222 covers quantitative methods, algorithmic optimization, and operational best practices in Machine Learning."""
What is technical concept #223 in Deep Learning?,"""Technical concept #223 covers quantitative methods, algorithmic optimization, and operational best practices in Deep Learning."""
What is technical concept #224 in Data Science?,"""Technical concept #224 covers quantitative methods, algorithmic optimization, and operational best practices in Data Science."""
What is technical concept #225 in Natural Language Processing?,"""Technical concept #225 covers quantitative methods, algorithmic optimization, and operational best practices in Natural Language Processing."""
What is technical concept #226 in Computer Vision?,"""Technical concept #226 covers quantitative methods, algorithmic optimization, and operational best practices in Computer Vision."""
What is technical concept #227 in Reinforcement Learning?,"""Technical concept #227 covers quantitative methods, algorithmic optimization, and operational best practices in Reinforcement Learning."""
What is technical concept #228 in Generative AI?,"""Technical concept #228 covers quantitative methods, algorithmic optimization, and operational best practices in Generative AI."""
What is technical concept #229 in Big Data?,"""Technical concept #229 covers quantitative methods, algorithmic optimization, and operational best practices in Big Data."""
What is technical concept #230 in Data Engineering?,"""Technical concept #230 covers quantitative methods, algorithmic optimization, and operational best practices in Data Engineering."""
What is technical concept #231 in MLOps?,"""Technical concept #231 covers quantitative methods, algorithmic optimization, and operational best practices in MLOps."""
What is technical concept #232 in Statistics?,"""Technical concept #232 covers quantitative methods, algorithmic optimization, and operational best practices in Statistics."""
What is technical concept #233 in Python?,"""Technical concept #233 covers quantitative methods, algorithmic optimization, and operational best practices in Python."""
What is technical concept #234 in SQL?,"""Technical concept #234 covers quantitative methods, algorithmic optimization, and operational best practices in SQL."""
What is technical concept #235 in Feature Engineering?,"""Technical concept #235 covers quantitative methods, algorithmic optimization, and operational best practices in Feature Engineering."""
What is technical concept #236 in Neural Networks?,"""Technical concept #236 covers quantitative methods, algorithmic optimization, and operational best practices in Neural Networks."""
What is technical concept #237 in Model Optimization?,"""Technical concept #237 covers quantitative methods, algorithmic optimization, and operational best practices in Model Optimization."""
What is technical concept #238 in Time Series Analysis?,"""Technical concept #238 covers quantitative methods, algorithmic optimization, and operational best practices in Time Series Analysis."""
What is technical concept #239 in Cloud Data Analytics?,"""Technical concept #239 covers quantitative methods, algorithmic optimization, and operational best practices in Cloud Data Analytics."""
What is technical concept #240 in Data Governance?,"""Technical concept #240 covers quantitative methods, algorithmic optimization, and operational best practices in Data Governance."""
What is technical concept #241 in Artificial Intelligence?,"""Technical concept #241 covers quantitative methods, algorithmic optimization, and operational best practices in Artificial Intelligence."""
What is technical concept #242 in Machine Learning?,"""Technical concept #242 covers quantitative methods, algorithmic optimization, and operational best practices in Machine Learning."""
What is technical concept #243 in Deep Learning?,"""Technical concept #243 covers quantitative methods, algorithmic optimization, and operational best practices in Deep Learning."""
What is technical concept #244 in Data Science?,"""Technical concept #244 covers quantitative methods, algorithmic optimization, and operational best practices in Data Science."""
What is technical concept #245 in Natural Language Processing?,"""Technical concept #245 covers quantitative methods, algorithmic optimization, and operational best practices in Natural Language Processing."""
What is technical concept #246 in Computer Vision?,"""Technical concept #246 covers quantitative methods, algorithmic optimization, and operational best practices in Computer Vision."""
What is technical concept #247 in Reinforcement Learning?,"""Technical concept #247 covers quantitative methods, algorithmic optimization, and operational best practices in Reinforcement Learning."""
What is technical concept #248 in Generative AI?,"""Technical concept #248 covers quantitative methods, algorithmic optimization, and operational best practices in Generative AI."""
What is technical concept #249 in Big Data?,"""Technical concept #249 covers quantitative methods, algorithmic optimization, and operational best practices in Big Data."""
What is technical concept #250 in Data Engineering?,"""Technical concept #250 covers quantitative methods, algorithmic optimization, and operational best practices in Data Engineering."""
What is technical concept #251 in MLOps?,"""Technical concept #251 covers quantitative methods, algorithmic optimization, and operational best practices in MLOps."""
What is technical concept #252 in Statistics?,"""Technical concept #252 covers quantitative methods, algorithmic optimization, and operational best practices in Statistics."""
What is technical concept #253 in Python?,"""Technical concept #253 covers quantitative methods, algorithmic optimization, and operational best practices in Python."""
What is technical concept #254 in SQL?,"""Technical concept #254 covers quantitative methods, algorithmic optimization, and operational best practices in SQL."""
What is technical concept #255 in Feature Engineering?,"""Technical concept #255 covers quantitative methods, algorithmic optimization, and operational best practices in Feature Engineering."""
What is technical concept #256 in Neural Networks?,"""Technical concept #256 covers quantitative methods, algorithmic optimization, and operational best practices in Neural Networks."""
What is technical concept #257 in Model Optimization?,"""Technical concept #257 covers quantitative methods, algorithmic optimization, and operational best practices in Model Optimization."""
What is technical concept #258 in Time Series Analysis?,"""Technical concept #258 covers quantitative methods, algorithmic optimization, and operational best practices in Time Series Analysis."""
What is technical concept #259 in Cloud Data Analytics?,"""Technical concept #259 covers quantitative methods, algorithmic optimization, and operational best practices in Cloud Data Analytics."""
What is technical concept #260 in Data Governance?,"""Technical concept #260 covers quantitative methods, algorithmic optimization, and operational best practices in Data Governance."""
What is technical concept #261 in Artificial Intelligence?,"""Technical concept #261 covers quantitative methods, algorithmic optimization, and operational best practices in Artificial Intelligence."""
What is technical concept #262 in Machine Learning?,"""Technical concept #262 covers quantitative methods, algorithmic optimization, and operational best practices in Machine Learning."""
What is technical concept #263 in Deep Learning?,"""Technical concept #263 covers quantitative methods, algorithmic optimization, and operational best practices in Deep Learning."""
What is technical concept #264 in Data Science?,"""Technical concept #264 covers quantitative methods, algorithmic optimization, and operational best practices in Data Science."""
What is technical concept #265 in Natural Language Processing?,"""Technical concept #265 covers quantitative methods, algorithmic optimization, and operational best practices in Natural Language Processing."""
What is technical concept #266 in Computer Vision?,"""Technical concept #266 covers quantitative methods, algorithmic optimization, and operational best practices in Computer Vision."""
What is technical concept #267 in Reinforcement Learning?,"""Technical concept #267 covers quantitative methods, algorithmic optimization, and operational best practices in Reinforcement Learning."""
What is technical concept #268 in Generative AI?,"""Technical concept #268 covers quantitative methods, algorithmic optimization, and operational best practices in Generative AI."""
What is technical concept #269 in Big Data?,"""Technical concept #269 covers quantitative methods, algorithmic optimization, and operational best practices in Big Data."""
What is technical concept #270 in Data Engineering?,"""Technical concept #270 covers quantitative methods, algorithmic optimization, and operational best practices in Data Engineering."""
What is technical concept #271 in MLOps?,"""Technical concept #271 covers quantitative methods, algorithmic optimization, and operational best practices in MLOps."""
What is technical concept #272 in Statistics?,"""Technical concept #272 covers quantitative methods, algorithmic optimization, and operational best practices in Statistics."""
What is technical concept #273 in Python?,"""Technical concept #273 covers quantitative methods, algorithmic optimization, and operational best practices in Python."""
What is technical concept #274 in SQL?,"""Technical concept #274 covers quantitative methods, algorithmic optimization, and operational best practices in SQL."""
What is technical concept #275 in Feature Engineering?,"""Technical concept #275 covers quantitative methods, algorithmic optimization, and operational best practices in Feature Engineering."""
What is technical concept #276 in Neural Networks?,"""Technical concept #276 covers quantitative methods, algorithmic optimization, and operational best practices in Neural Networks."""
What is technical concept #277 in Model Optimization?,"""Technical concept #277 covers quantitative methods, algorithmic optimization, and operational best practices in Model Optimization."""
What is technical concept #278 in Time Series Analysis?,"""Technical concept #278 covers quantitative methods, algorithmic optimization, and operational best practices in Time Series Analysis."""
What is technical concept #279 in Cloud Data Analytics?,"""Technical concept #279 covers quantitative methods, algorithmic optimization, and operational best practices in Cloud Data Analytics."""
What is technical concept #280 in Data Governance?,"""Technical concept #280 covers quantitative methods, algorithmic optimization, and operational best practices in Data Governance."""
What is technical concept #281 in Artificial Intelligence?,"""Technical concept #281 covers quantitative methods, algorithmic optimization, and operational best practices in Artificial Intelligence."""
What is technical concept #282 in Machine Learning?,"""Technical concept #282 covers quantitative methods, algorithmic optimization, and operational best practices in Machine Learning."""
What is technical concept #283 in Deep Learning?,"""Technical concept #283 covers quantitative methods, algorithmic optimization, and operational best practices in Deep Learning."""
What is technical concept #284 in Data Science?,"""Technical concept #284 covers quantitative methods, algorithmic optimization, and operational best practices in Data Science."""
What is technical concept #285 in Natural Language Processing?,"""Technical concept #285 covers quantitative methods, algorithmic optimization, and operational best practices in Natural Language Processing."""
What is technical concept #286 in Computer Vision?,"""Technical concept #286 covers quantitative methods, algorithmic optimization, and operational best practices in Computer Vision."""
What is technical concept #287 in Reinforcement Learning?,"""Technical concept #287 covers quantitative methods, algorithmic optimization, and operational best practices in Reinforcement Learning."""
What is technical concept #288 in Generative AI?,"""Technical concept #288 covers quantitative methods, algorithmic optimization, and operational best practices in Generative AI."""
What is technical concept #289 in Big Data?,"""Technical concept #289 covers quantitative methods, algorithmic optimization, and operational best practices in Big Data."""
What is technical concept #290 in Data Engineering?,"""Technical concept #290 covers quantitative methods, algorithmic optimization, and operational best practices in Data Engineering."""
What is technical concept #291 in MLOps?,"""Technical concept #291 covers quantitative methods, algorithmic optimization, and operational best practices in MLOps."""
What is technical concept #292 in Statistics?,"""Technical concept #292 covers quantitative methods, algorithmic optimization, and operational best practices in Statistics."""
What is technical concept #293 in Python?,"""Technical concept #293 covers quantitative methods, algorithmic optimization, and operational best practices in Python."""
What is technical concept #294 in SQL?,"""Technical concept #294 covers quantitative methods, algorithmic optimization, and operational best practices in SQL."""
What is technical concept #295 in Feature Engineering?,"""Technical concept #295 covers quantitative methods, algorithmic optimization, and operational best practices in Feature Engineering."""
What is technical concept #296 in Neural Networks?,"""Technical concept #296 covers quantitative methods, algorithmic optimization, and operational best practices in Neural Networks."""
What is technical concept #297 in Model Optimization?,"""Technical concept #297 covers quantitative methods, algorithmic optimization, and operational best practices in Model Optimization."""
What is technical concept #298 in Time Series Analysis?,"""Technical concept #298 covers quantitative methods, algorithmic optimization, and operational best practices in Time Series Analysis."""
What is technical concept #299 in Cloud Data Analytics?,"""Technical concept #299 covers quantitative methods, algorithmic optimization, and operational best practices in Cloud Data Analytics."""
What is technical concept #300 in Data Governance?,"""Technical concept #300 covers quantitative methods, algorithmic optimization, and operational best practices in Data Governance."""
What is technical concept #301 in Artificial Intelligence?,"""Technical concept #301 covers quantitative methods, algorithmic optimization, and operational best practices in Artificial Intelligence."""
What is technical concept #302 in Machine Learning?,"""Technical concept #302 covers quantitative methods, algorithmic optimization, and operational best practices in Machine Learning."""
What is technical concept #303 in Deep Learning?,"""Technical concept #303 covers quantitative methods, algorithmic optimization, and operational best practices in Deep Learning."""
What is technical concept #304 in Data Science?,"""Technical concept #304 covers quantitative methods, algorithmic optimization, and operational best practices in Data Science."""
What is technical concept #305 in Natural Language Processing?,"""Technical concept #305 covers quantitative methods, algorithmic optimization, and operational best practices in Natural Language Processing."""
